job,keyword
AI 연구자,AI
AI 연구자,인공지능
AI 연구자,기계학습
AI 연구자,딥러닝
AI 연구자,머신러닝
AI 연구자,자연어처리
AI 연구자,컴퓨터비전
AI 연구자,논문
AI 연구자,모델 평가
데이터 분석가,데이터 분석
데이터 분석가,통계
데이터 분석가,시각화
데이터 분석가,Python
데이터 분석가,pandas
데이터 분석가,머신러닝
데이터 분석가,비즈니스 애널리틱스
데이터 분석가,SQL
백엔드 / 소프트웨어 개발자,백엔드
백엔드 / 소프트웨어 개발자,소프트웨어
백엔드 / 소프트웨어 개발자,자료구조
백엔드 / 소프트웨어 개발자,알고리즘
백엔드 / 소프트웨어 개발자,데이터베이스
백엔드 / 소프트웨어 개발자,API
백엔드 / 소프트웨어 개발자,클라우드
금융권 / 핀테크 / 퀀트,금융
금융권 / 핀테크 / 퀀트,핀테크
금융권 / 핀테크 / 퀀트,퀀트
금융권 / 핀테크 / 퀀트,포트폴리오
금융권 / 핀테크 / 퀀트,시계열
금융권 / 핀테크 / 퀀트,리스크
금융권 / 핀테크 / 퀀트,백테스팅
UX 디자이너,UX
UX 디자이너,사용자 리서치
UX 디자이너,인터랙션
UX 디자이너,사용성
UX 디자이너,프로토타이핑
UX 디자이너,서비스 디자인
UX 디자이너,접근성
